"","source","target","ligand","receptor","prob","pval","interaction_name","interaction_name_2","pathway_name","annotation","evidence"
"1","E","A","GDNF","GFRA1_RET",6.76587101811102e-08,0,"GDNF_GFRA1","GDNF - GFRA1","GDNF","Secreted Signaling","PMID: 11544105"
"2","F","A","GDNF","GFRA1_RET",8.32759997211274e-06,0,"GDNF_GFRA1","GDNF - GFRA1","GDNF","Secreted Signaling","PMID: 11544105"
"3","C","B","GDNF","GFRA1_RET",6.24658032817831e-08,0,"GDNF_GFRA1","GDNF - GFRA1","GDNF","Secreted Signaling","PMID: 11544105"
"4","D","B","GDNF","GFRA1_RET",5.95347502542505e-08,0,"GDNF_GFRA1","GDNF - GFRA1","GDNF","Secreted Signaling","PMID: 11544105"
"5","E","B","GDNF","GFRA1_RET",8.50954686023927e-08,0,"GDNF_GFRA1","GDNF - GFRA1","GDNF","Secreted Signaling","PMID: 11544105"
"6","F","B","GDNF","GFRA1_RET",1.04737366640085e-05,0,"GDNF_GFRA1","GDNF - GFRA1","GDNF","Secreted Signaling","PMID: 11544105"
"7","B","C","GDNF","GFRA1_RET",6.24642813558026e-08,0,"GDNF_GFRA1","GDNF - GFRA1","GDNF","Secreted Signaling","PMID: 11544105"
"8","C","C","GDNF","GFRA1_RET",7.82571691524181e-08,0,"GDNF_GFRA1","GDNF - GFRA1","GDNF","Secreted Signaling","PMID: 11544105"
"9","D","C","GDNF","GFRA1_RET",7.45851454679805e-08,0,"GDNF_GFRA1","GDNF - GFRA1","GDNF","Secreted Signaling","PMID: 11544105"
"10","E","C","GDNF","GFRA1_RET",1.06607617169108e-07,0,"GDNF_GFRA1","GDNF - GFRA1","GDNF","Secreted Signaling","PMID: 11544105"
"11","F","C","GDNF","GFRA1_RET",1.31214645683727e-05,0,"GDNF_GFRA1","GDNF - GFRA1","GDNF","Secreted Signaling","PMID: 11544105"
"12","B","D","GDNF","GFRA1_RET",5.95347502542503e-08,0,"GDNF_GFRA1","GDNF - GFRA1","GDNF","Secreted Signaling","PMID: 11544105"
"13","C","D","GDNF","GFRA1_RET",7.45869627156426e-08,0,"GDNF_GFRA1","GDNF - GFRA1","GDNF","Secreted Signaling","PMID: 11544105"
"14","D","D","GDNF","GFRA1_RET",7.10871543585741e-08,0,"GDNF_GFRA1","GDNF - GFRA1","GDNF","Secreted Signaling","PMID: 11544105"
"15","E","D","GDNF","GFRA1_RET",1.01607794706724e-07,0,"GDNF_GFRA1","GDNF - GFRA1","GDNF","Secreted Signaling","PMID: 11544105"
"16","F","D","GDNF","GFRA1_RET",1.25060847180891e-05,0,"GDNF_GFRA1","GDNF - GFRA1","GDNF","Secreted Signaling","PMID: 11544105"
"17","A","E","GDNF","GFRA1_RET",6.7660403803547e-08,0,"GDNF_GFRA1","GDNF - GFRA1","GDNF","Secreted Signaling","PMID: 11544105"
"18","B","E","GDNF","GFRA1_RET",8.50954686023928e-08,0,"GDNF_GFRA1","GDNF - GFRA1","GDNF","Secreted Signaling","PMID: 11544105"
"19","C","E","GDNF","GFRA1_RET",1.06610214635878e-07,0,"GDNF_GFRA1","GDNF - GFRA1","GDNF","Secreted Signaling","PMID: 11544105"
"20","D","E","GDNF","GFRA1_RET",1.01607794706724e-07,0,"GDNF_GFRA1","GDNF - GFRA1","GDNF","Secreted Signaling","PMID: 11544105"
"21","E","E","GDNF","GFRA1_RET",1.45232199868377e-07,0,"GDNF_GFRA1","GDNF - GFRA1","GDNF","Secreted Signaling","PMID: 11544105"
"22","F","E","GDNF","GFRA1_RET",1.78753660341835e-05,0,"GDNF_GFRA1","GDNF - GFRA1","GDNF","Secreted Signaling","PMID: 11544105"
"23","A","F","GDNF","GFRA1_RET",1.17374342067065e-06,0,"GDNF_GFRA1","GDNF - GFRA1","GDNF","Secreted Signaling","PMID: 11544105"
"24","B","F","GDNF","GFRA1_RET",1.47619896303009e-06,0,"GDNF_GFRA1","GDNF - GFRA1","GDNF","Secreted Signaling","PMID: 11544105"
"25","C","F","GDNF","GFRA1_RET",1.84942671480318e-06,0,"GDNF_GFRA1","GDNF - GFRA1","GDNF","Secreted Signaling","PMID: 11544105"
"26","D","F","GDNF","GFRA1_RET",1.7626470969218e-06,0,"GDNF_GFRA1","GDNF - GFRA1","GDNF","Secreted Signaling","PMID: 11544105"
"27","E","F","GDNF","GFRA1_RET",2.51942219250433e-06,0,"GDNF_GFRA1","GDNF - GFRA1","GDNF","Secreted Signaling","PMID: 11544105"
"28","F","F","GDNF","GFRA1_RET",0.000310003872437387,0,"GDNF_GFRA1","GDNF - GFRA1","GDNF","Secreted Signaling","PMID: 11544105"
"29","A","A","WNT3A","FZD8_LRP5",1.26248988156662e-08,0,"WNT3A_FZD8_LRP5","WNT3A - (FZD8+LRP5)","WNT","Secreted Signaling","KEGG: hsa04310; PMID: 23209147"
"30","C","A","WNT3A","FZD8_LRP5",1.06857028044962e-08,0,"WNT3A_FZD8_LRP5","WNT3A - (FZD8+LRP5)","WNT","Secreted Signaling","KEGG: hsa04310; PMID: 23209147"
"31","D","A","WNT3A","FZD8_LRP5",1.37795943723934e-08,0,"WNT3A_FZD8_LRP5","WNT3A - (FZD8+LRP5)","WNT","Secreted Signaling","KEGG: hsa04310; PMID: 23209147"
"32","E","A","WNT3A","FZD8_LRP5",9.83363914973288e-09,0,"WNT3A_FZD8_LRP5","WNT3A - (FZD8+LRP5)","WNT","Secreted Signaling","KEGG: hsa04310; PMID: 23209147"
"33","F","A","WNT3A","FZD8_LRP5",8.47127881151783e-09,0,"WNT3A_FZD8_LRP5","WNT3A - (FZD8+LRP5)","WNT","Secreted Signaling","KEGG: hsa04310; PMID: 23209147"
"34","A","C","WNT3A","FZD8_LRP5",7.06309499749395e-08,0,"WNT3A_FZD8_LRP5","WNT3A - (FZD8+LRP5)","WNT","Secreted Signaling","KEGG: hsa04310; PMID: 23209147"
"35","B","C","WNT3A","FZD8_LRP5",2.47813644078274e-08,0,"WNT3A_FZD8_LRP5","WNT3A - (FZD8+LRP5)","WNT","Secreted Signaling","KEGG: hsa04310; PMID: 23209147"
"36","C","C","WNT3A","FZD8_LRP5",5.97819720904829e-08,0,"WNT3A_FZD8_LRP5","WNT3A - (FZD8+LRP5)","WNT","Secreted Signaling","KEGG: hsa04310; PMID: 23209147"
"37","D","C","WNT3A","FZD8_LRP5",7.70909811034495e-08,0,"WNT3A_FZD8_LRP5","WNT3A - (FZD8+LRP5)","WNT","Secreted Signaling","KEGG: hsa04310; PMID: 23209147"
"38","E","C","WNT3A","FZD8_LRP5",5.50150376018683e-08,0,"WNT3A_FZD8_LRP5","WNT3A - (FZD8+LRP5)","WNT","Secreted Signaling","KEGG: hsa04310; PMID: 23209147"
"39","F","C","WNT3A","FZD8_LRP5",4.73932105349437e-08,0,"WNT3A_FZD8_LRP5","WNT3A - (FZD8+LRP5)","WNT","Secreted Signaling","KEGG: hsa04310; PMID: 23209147"
"40","A","D","WNT3A","FZD8_LRP5",1.25649525104545e-08,0.01,"WNT3A_FZD8_LRP5","WNT3A - (FZD8+LRP5)","WNT","Secreted Signaling","KEGG: hsa04310; PMID: 23209147"
"41","C","D","WNT3A","FZD8_LRP5",1.06349643064896e-08,0.01,"WNT3A_FZD8_LRP5","WNT3A - (FZD8+LRP5)","WNT","Secreted Signaling","KEGG: hsa04310; PMID: 23209147"
"42","D","D","WNT3A","FZD8_LRP5",1.37141652722433e-08,0.01,"WNT3A_FZD8_LRP5","WNT3A - (FZD8+LRP5)","WNT","Secreted Signaling","KEGG: hsa04310; PMID: 23209147"
"43","E","D","WNT3A","FZD8_LRP5",9.78694647171224e-09,0.01,"WNT3A_FZD8_LRP5","WNT3A - (FZD8+LRP5)","WNT","Secreted Signaling","KEGG: hsa04310; PMID: 23209147"
"44","A","E","WNT3A","FZD8_LRP5",9.38625012269664e-09,0.01,"WNT3A_FZD8_LRP5","WNT3A - (FZD8+LRP5)","WNT","Secreted Signaling","KEGG: hsa04310; PMID: 23209147"
"45","C","E","WNT3A","FZD8_LRP5",7.9445135090977e-09,0.02,"WNT3A_FZD8_LRP5","WNT3A - (FZD8+LRP5)","WNT","Secreted Signaling","KEGG: hsa04310; PMID: 23209147"
"46","D","E","WNT3A","FZD8_LRP5",1.02447331495781e-08,0.01,"WNT3A_FZD8_LRP5","WNT3A - (FZD8+LRP5)","WNT","Secreted Signaling","KEGG: hsa04310; PMID: 23209147"
"47","A","F","WNT3A","FZD8_LRP5",8.62283592416181e-09,0.04,"WNT3A_FZD8_LRP5","WNT3A - (FZD8+LRP5)","WNT","Secreted Signaling","KEGG: hsa04310; PMID: 23209147"
"48","A","A","TGFA","EGFR",6.29686237143952e-06,0,"TGFA_EGFR","TGFA - EGFR","EGF","Secreted Signaling","KEGG: hsa04012"
"49","C","A","TGFA","EGFR",6.5150851765893e-06,0,"TGFA_EGFR","TGFA - EGFR","EGF","Secreted Signaling","KEGG: hsa04012"
"50","D","A","TGFA","EGFR",6.07837475205859e-06,0,"TGFA_EGFR","TGFA - EGFR","EGF","Secreted Signaling","KEGG: hsa04012"
"51","E","A","TGFA","EGFR",8.09986516339057e-06,0,"TGFA_EGFR","TGFA - EGFR","EGF","Secreted Signaling","KEGG: hsa04012"
"52","F","A","TGFA","EGFR",6.63381976697487e-06,0,"TGFA_EGFR","TGFA - EGFR","EGF","Secreted Signaling","KEGG: hsa04012"
"53","C","C","TGFA","EGFR",5.37273077588998e-06,0.03,"TGFA_EGFR","TGFA - EGFR","EGF","Secreted Signaling","KEGG: hsa04012"
"54","E","C","TGFA","EGFR",6.67963745018193e-06,0,"TGFA_EGFR","TGFA - EGFR","EGF","Secreted Signaling","KEGG: hsa04012"
"55","E","D","TGFA","EGFR",6.48078582624701e-06,0,"TGFA_EGFR","TGFA - EGFR","EGF","Secreted Signaling","KEGG: hsa04012"
"56","A","E","TGFA","EGFR",7.38322711369313e-06,0,"TGFA_EGFR","TGFA - EGFR","EGF","Secreted Signaling","KEGG: hsa04012"
"57","B","E","TGFA","EGFR",5.50427387536505e-06,0.01,"TGFA_EGFR","TGFA - EGFR","EGF","Secreted Signaling","KEGG: hsa04012"
"58","C","E","TGFA","EGFR",7.6390984708482e-06,0,"TGFA_EGFR","TGFA - EGFR","EGF","Secreted Signaling","KEGG: hsa04012"
"59","D","E","TGFA","EGFR",7.12704523633946e-06,0,"TGFA_EGFR","TGFA - EGFR","EGF","Secreted Signaling","KEGG: hsa04012"
"60","E","E","TGFA","EGFR",9.49728959619879e-06,0,"TGFA_EGFR","TGFA - EGFR","EGF","Secreted Signaling","KEGG: hsa04012"
"61","F","E","TGFA","EGFR",7.7783175547391e-06,0,"TGFA_EGFR","TGFA - EGFR","EGF","Secreted Signaling","KEGG: hsa04012"
"62","E","F","TGFA","EGFR",6.15366480130821e-06,0,"TGFA_EGFR","TGFA - EGFR","EGF","Secreted Signaling","KEGG: hsa04012"
"63","A","A","TGFA","EGFR_ERBB2",9.98843532471654e-06,0,"TGFA_EGFR_ERBB2","TGFA - (EGFR+ERBB2)","EGF","Secreted Signaling","KEGG: hsa04012"
"64","C","A","TGFA","EGFR_ERBB2",1.0334591222939e-05,0,"TGFA_EGFR_ERBB2","TGFA - (EGFR+ERBB2)","EGF","Secreted Signaling","KEGG: hsa04012"
"65","D","A","TGFA","EGFR_ERBB2",9.6418592762197e-06,0,"TGFA_EGFR_ERBB2","TGFA - (EGFR+ERBB2)","EGF","Secreted Signaling","KEGG: hsa04012"
"66","E","A","TGFA","EGFR_ERBB2",1.2848445627729e-05,0,"TGFA_EGFR_ERBB2","TGFA - (EGFR+ERBB2)","EGF","Secreted Signaling","KEGG: hsa04012"
"67","F","A","TGFA","EGFR_ERBB2",1.05229339153425e-05,0,"TGFA_EGFR_ERBB2","TGFA - (EGFR+ERBB2)","EGF","Secreted Signaling","KEGG: hsa04012"
"68","C","C","TGFA","EGFR_ERBB2",8.47721711438195e-06,0.03,"TGFA_EGFR_ERBB2","TGFA - (EGFR+ERBB2)","EGF","Secreted Signaling","KEGG: hsa04012"
"69","E","C","TGFA","EGFR_ERBB2",1.05392763031586e-05,0,"TGFA_EGFR_ERBB2","TGFA - (EGFR+ERBB2)","EGF","Secreted Signaling","KEGG: hsa04012"
"70","F","C","TGFA","EGFR_ERBB2",8.63171039627096e-06,0.04,"TGFA_EGFR_ERBB2","TGFA - (EGFR+ERBB2)","EGF","Secreted Signaling","KEGG: hsa04012"
"71","E","D","TGFA","EGFR_ERBB2",1.03364516664336e-05,0,"TGFA_EGFR_ERBB2","TGFA - (EGFR+ERBB2)","EGF","Secreted Signaling","KEGG: hsa04012"
"72","A","E","TGFA","EGFR_ERBB2",1.13217970900366e-05,0,"TGFA_EGFR_ERBB2","TGFA - (EGFR+ERBB2)","EGF","Secreted Signaling","KEGG: hsa04012"
"73","C","E","TGFA","EGFR_ERBB2",1.17141609895913e-05,0,"TGFA_EGFR_ERBB2","TGFA - (EGFR+ERBB2)","EGF","Secreted Signaling","KEGG: hsa04012"
"74","D","E","TGFA","EGFR_ERBB2",1.09289569184439e-05,0,"TGFA_EGFR_ERBB2","TGFA - (EGFR+ERBB2)","EGF","Secreted Signaling","KEGG: hsa04012"
"75","E","E","TGFA","EGFR_ERBB2",1.45635861927049e-05,0,"TGFA_EGFR_ERBB2","TGFA - (EGFR+ERBB2)","EGF","Secreted Signaling","KEGG: hsa04012"
"76","F","E","TGFA","EGFR_ERBB2",1.19276453425977e-05,0,"TGFA_EGFR_ERBB2","TGFA - (EGFR+ERBB2)","EGF","Secreted Signaling","KEGG: hsa04012"
"77","E","F","TGFA","EGFR_ERBB2",9.69468222123736e-06,0,"TGFA_EGFR_ERBB2","TGFA - (EGFR+ERBB2)","EGF","Secreted Signaling","KEGG: hsa04012"
"78","B","A","NRG1","ERBB4",0.0578440883298096,0,"NRG1_ERBB4","NRG1 - ERBB4","NRG","Secreted Signaling","KEGG: hsa04012"
"79","C","A","NRG1","ERBB4",0.0546073873854209,0,"NRG1_ERBB4","NRG1 - ERBB4","NRG","Secreted Signaling","KEGG: hsa04012"
"80","D","A","NRG1","ERBB4",0.0370650772583474,0,"NRG1_ERBB4","NRG1 - ERBB4","NRG","Secreted Signaling","KEGG: hsa04012"
"81","E","A","NRG1","ERBB4",0.0457709055083797,0,"NRG1_ERBB4","NRG1 - ERBB4","NRG","Secreted Signaling","KEGG: hsa04012"
"82","F","A","NRG1","ERBB4",0.0401175767449479,0,"NRG1_ERBB4","NRG1 - ERBB4","NRG","Secreted Signaling","KEGG: hsa04012"
"83","B","C","NRG1","ERBB4",0.043181337473009,0,"NRG1_ERBB4","NRG1 - ERBB4","NRG","Secreted Signaling","KEGG: hsa04012"
"84","C","C","NRG1","ERBB4",0.0407296307998961,0,"NRG1_ERBB4","NRG1 - ERBB4","NRG","Secreted Signaling","KEGG: hsa04012"
"85","B","D","NRG1","ERBB4",0.0435571216370318,0,"NRG1_ERBB4","NRG1 - ERBB4","NRG","Secreted Signaling","KEGG: hsa04012"
"86","C","D","NRG1","ERBB4",0.0410849952131158,0,"NRG1_ERBB4","NRG1 - ERBB4","NRG","Secreted Signaling","KEGG: hsa04012"
"87","B","E","NRG1","ERBB4",0.0607477391746471,0,"NRG1_ERBB4","NRG1 - ERBB4","NRG","Secreted Signaling","KEGG: hsa04012"
"88","C","E","NRG1","ERBB4",0.0573584542024318,0,"NRG1_ERBB4","NRG1 - ERBB4","NRG","Secreted Signaling","KEGG: hsa04012"
"89","D","E","NRG1","ERBB4",0.0389688081455133,0,"NRG1_ERBB4","NRG1 - ERBB4","NRG","Secreted Signaling","KEGG: hsa04012"
"90","E","E","NRG1","ERBB4",0.0480994484197037,0,"NRG1_ERBB4","NRG1 - ERBB4","NRG","Secreted Signaling","KEGG: hsa04012"
"91","F","E","NRG1","ERBB4",0.0421712234635146,0,"NRG1_ERBB4","NRG1 - ERBB4","NRG","Secreted Signaling","KEGG: hsa04012"
"92","B","F","NRG1","ERBB4",0.0403002379044858,0,"NRG1_ERBB4","NRG1 - ERBB4","NRG","Secreted Signaling","KEGG: hsa04012"
"93","C","F","NRG1","ERBB4",0.0380056138756679,0,"NRG1_ERBB4","NRG1 - ERBB4","NRG","Secreted Signaling","KEGG: hsa04012"
"94","B","A","NRG1","ERBB2_ERBB4",0.0121411914050846,0,"NRG1_ERBB2_ERBB4","NRG1 - (ERBB2+ERBB4)","NRG","Secreted Signaling","KEGG: hsa04012"
"95","C","A","NRG1","ERBB2_ERBB4",0.011430796607673,0,"NRG1_ERBB2_ERBB4","NRG1 - (ERBB2+ERBB4)","NRG","Secreted Signaling","KEGG: hsa04012"
"96","D","A","NRG1","ERBB2_ERBB4",0.00764653338906588,0.02,"NRG1_ERBB2_ERBB4","NRG1 - (ERBB2+ERBB4)","NRG","Secreted Signaling","KEGG: hsa04012"
"97","E","A","NRG1","ERBB2_ERBB4",0.00951079504531645,0,"NRG1_ERBB2_ERBB4","NRG1 - (ERBB2+ERBB4)","NRG","Secreted Signaling","KEGG: hsa04012"
"98","F","A","NRG1","ERBB2_ERBB4",0.00829714049955206,0,"NRG1_ERBB2_ERBB4","NRG1 - (ERBB2+ERBB4)","NRG","Secreted Signaling","KEGG: hsa04012"
"99","B","C","NRG1","ERBB2_ERBB4",0.00942842969714966,0,"NRG1_ERBB2_ERBB4","NRG1 - (ERBB2+ERBB4)","NRG","Secreted Signaling","KEGG: hsa04012"
"100","C","C","NRG1","ERBB2_ERBB4",0.00887533557841692,0,"NRG1_ERBB2_ERBB4","NRG1 - (ERBB2+ERBB4)","NRG","Secreted Signaling","KEGG: hsa04012"
"101","B","D","NRG1","ERBB2_ERBB4",0.0094303673967755,0,"NRG1_ERBB2_ERBB4","NRG1 - (ERBB2+ERBB4)","NRG","Secreted Signaling","KEGG: hsa04012"
"102","C","D","NRG1","ERBB2_ERBB4",0.00887716062664436,0,"NRG1_ERBB2_ERBB4","NRG1 - (ERBB2+ERBB4)","NRG","Secreted Signaling","KEGG: hsa04012"
"103","B","E","NRG1","ERBB2_ERBB4",0.0130326367200506,0,"NRG1_ERBB2_ERBB4","NRG1 - (ERBB2+ERBB4)","NRG","Secreted Signaling","KEGG: hsa04012"
"104","C","E","NRG1","ERBB2_ERBB4",0.0122707303533094,0,"NRG1_ERBB2_ERBB4","NRG1 - (ERBB2+ERBB4)","NRG","Secreted Signaling","KEGG: hsa04012"
"105","D","E","NRG1","ERBB2_ERBB4",0.008210709396346,0,"NRG1_ERBB2_ERBB4","NRG1 - (ERBB2+ERBB4)","NRG","Secreted Signaling","KEGG: hsa04012"
"106","E","E","NRG1","ERBB2_ERBB4",0.0102111045315714,0,"NRG1_ERBB2_ERBB4","NRG1 - (ERBB2+ERBB4)","NRG","Secreted Signaling","KEGG: hsa04012"
"107","F","E","NRG1","ERBB2_ERBB4",0.00890888860739039,0,"NRG1_ERBB2_ERBB4","NRG1 - (ERBB2+ERBB4)","NRG","Secreted Signaling","KEGG: hsa04012"
"108","B","F","NRG1","ERBB2_ERBB4",0.00872235518475697,0,"NRG1_ERBB2_ERBB4","NRG1 - (ERBB2+ERBB4)","NRG","Secreted Signaling","KEGG: hsa04012"
"109","C","F","NRG1","ERBB2_ERBB4",0.00821033776771153,0,"NRG1_ERBB2_ERBB4","NRG1 - (ERBB2+ERBB4)","NRG","Secreted Signaling","KEGG: hsa04012"
"110","A","A","NRG3","ERBB4",0.138933902010774,0,"NRG3_ERBB4","NRG3 - ERBB4","NRG","Secreted Signaling","KEGG: hsa04012"
"111","B","A","NRG3","ERBB4",0.137057399231254,0,"NRG3_ERBB4","NRG3 - ERBB4","NRG","Secreted Signaling","KEGG: hsa04012"
"112","C","A","NRG3","ERBB4",0.141919808526748,0,"NRG3_ERBB4","NRG3 - ERBB4","NRG","Secreted Signaling","KEGG: hsa04012"
"113","D","A","NRG3","ERBB4",0.127339317702527,0,"NRG3_ERBB4","NRG3 - ERBB4","NRG","Secreted Signaling","KEGG: hsa04012"
"114","F","A","NRG3","ERBB4",0.148527086486909,0,"NRG3_ERBB4","NRG3 - ERBB4","NRG","Secreted Signaling","KEGG: hsa04012"
"115","A","E","NRG3","ERBB4",0.145280413234448,0,"NRG3_ERBB4","NRG3 - ERBB4","NRG","Secreted Signaling","KEGG: hsa04012"
"116","B","E","NRG3","ERBB4",0.143332460354865,0,"NRG3_ERBB4","NRG3 - ERBB4","NRG","Secreted Signaling","KEGG: hsa04012"
"117","C","E","NRG3","ERBB4",0.148379212305535,0,"NRG3_ERBB4","NRG3 - ERBB4","NRG","Secreted Signaling","KEGG: hsa04012"
"118","D","E","NRG3","ERBB4",0.133238142172667,0,"NRG3_ERBB4","NRG3 - ERBB4","NRG","Secreted Signaling","KEGG: hsa04012"
"119","F","E","NRG3","ERBB4",0.155232813368593,0,"NRG3_ERBB4","NRG3 - ERBB4","NRG","Secreted Signaling","KEGG: hsa04012"
"120","A","A","NRG3","ERBB2_ERBB4",0.0312893152282511,0,"NRG3_ERBB2_ERBB4","NRG3 - (ERBB2+ERBB4)","NRG","Secreted Signaling","KEGG: hsa04012"
"121","B","A","NRG3","ERBB2_ERBB4",0.0308146778280194,0,"NRG3_ERBB2_ERBB4","NRG3 - (ERBB2+ERBB4)","NRG","Secreted Signaling","KEGG: hsa04012"
"122","C","A","NRG3","ERBB2_ERBB4",0.0320478753939699,0,"NRG3_ERBB2_ERBB4","NRG3 - (ERBB2+ERBB4)","NRG","Secreted Signaling","KEGG: hsa04012"
"123","D","A","NRG3","ERBB2_ERBB4",0.0283819930992367,0,"NRG3_ERBB2_ERBB4","NRG3 - (ERBB2+ERBB4)","NRG","Secreted Signaling","KEGG: hsa04012"
"124","F","A","NRG3","ERBB2_ERBB4",0.0337410490287924,0,"NRG3_ERBB2_ERBB4","NRG3 - (ERBB2+ERBB4)","NRG","Secreted Signaling","KEGG: hsa04012"
"125","A","E","NRG3","ERBB2_ERBB4",0.033538944872003,0,"NRG3_ERBB2_ERBB4","NRG3 - (ERBB2+ERBB4)","NRG","Secreted Signaling","KEGG: hsa04012"
"126","B","E","NRG3","ERBB2_ERBB4",0.0330313457511629,0,"NRG3_ERBB2_ERBB4","NRG3 - (ERBB2+ERBB4)","NRG","Secreted Signaling","KEGG: hsa04012"
"127","C","E","NRG3","ERBB2_ERBB4",0.0343501098427873,0,"NRG3_ERBB2_ERBB4","NRG3 - (ERBB2+ERBB4)","NRG","Secreted Signaling","KEGG: hsa04012"
"128","D","E","NRG3","ERBB2_ERBB4",0.0304291590301373,0,"NRG3_ERBB2_ERBB4","NRG3 - (ERBB2+ERBB4)","NRG","Secreted Signaling","KEGG: hsa04012"
"129","F","E","NRG3","ERBB2_ERBB4",0.0361603726634927,0,"NRG3_ERBB2_ERBB4","NRG3 - (ERBB2+ERBB4)","NRG","Secreted Signaling","KEGG: hsa04012"
"130","A","A","IGF2","IGF2R",0.000640219250416969,0,"IGF2_IGF2R","IGF2 - IGF2R","IGF","Secreted Signaling","PMID: 14604834"
"131","C","A","IGF2","IGF2R",0.00140953551502561,0,"IGF2_IGF2R","IGF2 - IGF2R","IGF","Secreted Signaling","PMID: 14604834"
"132","D","A","IGF2","IGF2R",0.000648273612703507,0.01,"IGF2_IGF2R","IGF2 - IGF2R","IGF","Secreted Signaling","PMID: 14604834"
"133","E","A","IGF2","IGF2R",0.00071026152499461,0.02,"IGF2_IGF2R","IGF2 - IGF2R","IGF","Secreted Signaling","PMID: 14604834"
"134","F","A","IGF2","IGF2R",0.00149694490354889,0,"IGF2_IGF2R","IGF2 - IGF2R","IGF","Secreted Signaling","PMID: 14604834"
"135","C","B","IGF2","IGF2R",0.001285889265852,0,"IGF2_IGF2R","IGF2 - IGF2R","IGF","Secreted Signaling","PMID: 14604834"
"136","F","B","IGF2","IGF2R",0.00136564179445315,0,"IGF2_IGF2R","IGF2 - IGF2R","IGF","Secreted Signaling","PMID: 14604834"
"137","A","C","IGF2","IGF2R",0.00121902551620176,0,"IGF2_IGF2R","IGF2 - IGF2R","IGF","Secreted Signaling","PMID: 14604834"
"138","B","C","IGF2","IGF2R",0.00110999589610516,0,"IGF2_IGF2R","IGF2 - IGF2R","IGF","Secreted Signaling","PMID: 14604834"
"139","C","C","IGF2","IGF2R",0.00268193664053151,0,"IGF2_IGF2R","IGF2 - IGF2R","IGF","Secreted Signaling","PMID: 14604834"
"140","D","C","IGF2","IGF2R",0.00123435236117694,0,"IGF2_IGF2R","IGF2 - IGF2R","IGF","Secreted Signaling","PMID: 14604834"
"141","E","C","IGF2","IGF2R",0.0013523031535716,0,"IGF2_IGF2R","IGF2 - IGF2R","IGF","Secreted Signaling","PMID: 14604834"
"142","F","C","IGF2","IGF2R",0.0028480179259161,0,"IGF2_IGF2R","IGF2 - IGF2R","IGF","Secreted Signaling","PMID: 14604834"
"143","C","D","IGF2","IGF2R",0.00136165835717706,0,"IGF2_IGF2R","IGF2 - IGF2R","IGF","Secreted Signaling","PMID: 14604834"
"144","E","D","IGF2","IGF2R",0.000686119750217388,0.02,"IGF2_IGF2R","IGF2 - IGF2R","IGF","Secreted Signaling","PMID: 14604834"
"145","F","D","IGF2","IGF2R",0.00144610313882742,0,"IGF2_IGF2R","IGF2 - IGF2R","IGF","Secreted Signaling","PMID: 14604834"
"146","C","E","IGF2","IGF2R",0.00137499922793849,0,"IGF2_IGF2R","IGF2 - IGF2R","IGF","Secreted Signaling","PMID: 14604834"
"147","E","E","IGF2","IGF2R",0.000692846987556892,0.02,"IGF2_IGF2R","IGF2 - IGF2R","IGF","Secreted Signaling","PMID: 14604834"
"148","F","E","IGF2","IGF2R",0.00146027004295187,0,"IGF2_IGF2R","IGF2 - IGF2R","IGF","Secreted Signaling","PMID: 14604834"
"149","A","F","IGF2","IGF2R",0.00113815660204701,0,"IGF2_IGF2R","IGF2 - IGF2R","IGF","Secreted Signaling","PMID: 14604834"
"150","B","F","IGF2","IGF2R",0.00103635230749537,0,"IGF2_IGF2R","IGF2 - IGF2R","IGF","Secreted Signaling","PMID: 14604834"
"151","C","F","IGF2","IGF2R",0.00250426703705707,0,"IGF2_IGF2R","IGF2 - IGF2R","IGF","Secreted Signaling","PMID: 14604834"
"152","D","F","IGF2","IGF2R",0.00115246787109959,0,"IGF2_IGF2R","IGF2 - IGF2R","IGF","Secreted Signaling","PMID: 14604834"
"153","E","F","IGF2","IGF2R",0.00126260406563238,0,"IGF2_IGF2R","IGF2 - IGF2R","IGF","Secreted Signaling","PMID: 14604834"
"154","F","F","IGF2","IGF2R",0.00265937596886344,0,"IGF2_IGF2R","IGF2 - IGF2R","IGF","Secreted Signaling","PMID: 14604834"
"155","C","A","IL34","CSF1R",9.47069582906219e-08,0,"IL34_CSF1R","IL34 - CSF1R","CSF","Secreted Signaling","KEGG: hsa04060"
"156","E","A","IL34","CSF1R",1.07353064906594e-07,0,"IL34_CSF1R","IL34 - CSF1R","CSF","Secreted Signaling","KEGG: hsa04060"
"157","C","B","IL34","CSF1R",9.74569481492557e-08,0,"IL34_CSF1R","IL34 - CSF1R","CSF","Secreted Signaling","KEGG: hsa04060"
"158","D","B","IL34","CSF1R",9.33284544292776e-08,0.04,"IL34_CSF1R","IL34 - CSF1R","CSF","Secreted Signaling","KEGG: hsa04060"
"159","E","B","IL34","CSF1R",1.10470257574092e-07,0,"IL34_CSF1R","IL34 - CSF1R","CSF","Secreted Signaling","KEGG: hsa04060"
"160","A","C","IL34","CSF1R",9.47069582906219e-08,0,"IL34_CSF1R","IL34 - CSF1R","CSF","Secreted Signaling","KEGG: hsa04060"
"161","B","C","IL34","CSF1R",9.74569481492558e-08,0,"IL34_CSF1R","IL34 - CSF1R","CSF","Secreted Signaling","KEGG: hsa04060"
"162","C","C","IL34","CSF1R",1.09057746102495e-07,0,"IL34_CSF1R","IL34 - CSF1R","CSF","Secreted Signaling","KEGG: hsa04060"
"163","D","C","IL34","CSF1R",1.04437816754742e-07,0,"IL34_CSF1R","IL34 - CSF1R","CSF","Secreted Signaling","KEGG: hsa04060"
"164","E","C","IL34","CSF1R",1.2362009597591e-07,0,"IL34_CSF1R","IL34 - CSF1R","CSF","Secreted Signaling","KEGG: hsa04060"
"165","B","D","IL34","CSF1R",9.33284544292777e-08,0.04,"IL34_CSF1R","IL34 - CSF1R","CSF","Secreted Signaling","KEGG: hsa04060"
"166","C","D","IL34","CSF1R",1.04437816754742e-07,0,"IL34_CSF1R","IL34 - CSF1R","CSF","Secreted Signaling","KEGG: hsa04060"
"167","D","D","IL34","CSF1R",1.00013597898049e-07,0.04,"IL34_CSF1R","IL34 - CSF1R","CSF","Secreted Signaling","KEGG: hsa04060"
"168","E","D","IL34","CSF1R",1.18383273083294e-07,0,"IL34_CSF1R","IL34 - CSF1R","CSF","Secreted Signaling","KEGG: hsa04060"
"169","A","E","IL34","CSF1R",1.07353064906594e-07,0,"IL34_CSF1R","IL34 - CSF1R","CSF","Secreted Signaling","KEGG: hsa04060"
"170","B","E","IL34","CSF1R",1.10470257574092e-07,0,"IL34_CSF1R","IL34 - CSF1R","CSF","Secreted Signaling","KEGG: hsa04060"
"171","C","E","IL34","CSF1R",1.2362009597591e-07,0,"IL34_CSF1R","IL34 - CSF1R","CSF","Secreted Signaling","KEGG: hsa04060"
"172","D","E","IL34","CSF1R",1.18383273083294e-07,0,"IL34_CSF1R","IL34 - CSF1R","CSF","Secreted Signaling","KEGG: hsa04060"
"173","E","E","IL34","CSF1R",1.40126938668027e-07,0,"IL34_CSF1R","IL34 - CSF1R","CSF","Secreted Signaling","KEGG: hsa04060"
"174","F","E","IL34","CSF1R",1.05057973566137e-07,0,"IL34_CSF1R","IL34 - CSF1R","CSF","Secreted Signaling","KEGG: hsa04060"
"175","E","F","IL34","CSF1R",1.05057973566137e-07,0,"IL34_CSF1R","IL34 - CSF1R","CSF","Secreted Signaling","KEGG: hsa04060"
"176","C","A","CSF1","CSF1R",9.47069582906217e-08,0,"CSF1_CSF1R","CSF1 - CSF1R","CSF","Secreted Signaling","KEGG: hsa04060"
"177","E","A","CSF1","CSF1R",1.07353064906594e-07,0,"CSF1_CSF1R","CSF1 - CSF1R","CSF","Secreted Signaling","KEGG: hsa04060"
"178","C","B","CSF1","CSF1R",9.74569481492556e-08,0,"CSF1_CSF1R","CSF1 - CSF1R","CSF","Secreted Signaling","KEGG: hsa04060"
"179","D","B","CSF1","CSF1R",9.33284544292775e-08,0.04,"CSF1_CSF1R","CSF1 - CSF1R","CSF","Secreted Signaling","KEGG: hsa04060"
"180","E","B","CSF1","CSF1R",1.10470257574092e-07,0,"CSF1_CSF1R","CSF1 - CSF1R","CSF","Secreted Signaling","KEGG: hsa04060"
"181","A","C","CSF1","CSF1R",9.47069582906217e-08,0,"CSF1_CSF1R","CSF1 - CSF1R","CSF","Secreted Signaling","KEGG: hsa04060"
"182","B","C","CSF1","CSF1R",9.74569481492556e-08,0,"CSF1_CSF1R","CSF1 - CSF1R","CSF","Secreted Signaling","KEGG: hsa04060"
"183","C","C","CSF1","CSF1R",1.09057746102495e-07,0,"CSF1_CSF1R","CSF1 - CSF1R","CSF","Secreted Signaling","KEGG: hsa04060"
"184","D","C","CSF1","CSF1R",1.04437816754742e-07,0,"CSF1_CSF1R","CSF1 - CSF1R","CSF","Secreted Signaling","KEGG: hsa04060"
"185","E","C","CSF1","CSF1R",1.2362009597591e-07,0,"CSF1_CSF1R","CSF1 - CSF1R","CSF","Secreted Signaling","KEGG: hsa04060"
"186","B","D","CSF1","CSF1R",9.33284544292775e-08,0.04,"CSF1_CSF1R","CSF1 - CSF1R","CSF","Secreted Signaling","KEGG: hsa04060"
"187","C","D","CSF1","CSF1R",1.04437816754742e-07,0,"CSF1_CSF1R","CSF1 - CSF1R","CSF","Secreted Signaling","KEGG: hsa04060"
"188","D","D","CSF1","CSF1R",1.00013597898049e-07,0.04,"CSF1_CSF1R","CSF1 - CSF1R","CSF","Secreted Signaling","KEGG: hsa04060"
"189","E","D","CSF1","CSF1R",1.18383273083294e-07,0,"CSF1_CSF1R","CSF1 - CSF1R","CSF","Secreted Signaling","KEGG: hsa04060"
"190","A","E","CSF1","CSF1R",1.07353064906593e-07,0,"CSF1_CSF1R","CSF1 - CSF1R","CSF","Secreted Signaling","KEGG: hsa04060"
"191","B","E","CSF1","CSF1R",1.10470257574092e-07,0,"CSF1_CSF1R","CSF1 - CSF1R","CSF","Secreted Signaling","KEGG: hsa04060"
"192","C","E","CSF1","CSF1R",1.2362009597591e-07,0,"CSF1_CSF1R","CSF1 - CSF1R","CSF","Secreted Signaling","KEGG: hsa04060"
"193","D","E","CSF1","CSF1R",1.18383273083294e-07,0,"CSF1_CSF1R","CSF1 - CSF1R","CSF","Secreted Signaling","KEGG: hsa04060"
"194","E","E","CSF1","CSF1R",1.40126938668027e-07,0,"CSF1_CSF1R","CSF1 - CSF1R","CSF","Secreted Signaling","KEGG: hsa04060"
"195","F","E","CSF1","CSF1R",1.05057973566137e-07,0,"CSF1_CSF1R","CSF1 - CSF1R","CSF","Secreted Signaling","KEGG: hsa04060"
"196","E","F","CSF1","CSF1R",1.05057973566137e-07,0,"CSF1_CSF1R","CSF1 - CSF1R","CSF","Secreted Signaling","KEGG: hsa04060"
"197","C","A","NPPC","NPR2",1.51294788683295e-08,0,"NPPC_NPR2","NPPC - NPR2","NPR2","Secreted Signaling","KEGG: hsa04080; PMID: 29934642"
"198","E","A","NPPC","NPR2",1.42809671051893e-08,0.01,"NPPC_NPR2","NPPC - NPR2","NPR2","Secreted Signaling","KEGG: hsa04080; PMID: 29934642"
"199","F","A","NPPC","NPR2",2.07796788322772e-08,0,"NPPC_NPR2","NPPC - NPR2","NPR2","Secreted Signaling","KEGG: hsa04080; PMID: 29934642"
"200","C","B","NPPC","NPR2",1.58505689094106e-08,0,"NPPC_NPR2","NPPC - NPR2","NPR2","Secreted Signaling","KEGG: hsa04080; PMID: 29934642"
"201","E","B","NPPC","NPR2",1.4961616006274e-08,0,"NPPC_NPR2","NPPC - NPR2","NPR2","Secreted Signaling","KEGG: hsa04080; PMID: 29934642"
"202","F","B","NPPC","NPR2",2.17700645226585e-08,0,"NPPC_NPR2","NPPC - NPR2","NPR2","Secreted Signaling","KEGG: hsa04080; PMID: 29934642"
"203","A","C","NPPC","NPR2",1.51294788683295e-08,0,"NPPC_NPR2","NPPC - NPR2","NPR2","Secreted Signaling","KEGG: hsa04080; PMID: 29934642"
"204","B","C","NPPC","NPR2",1.58505689094106e-08,0,"NPPC_NPR2","NPPC - NPR2","NPR2","Secreted Signaling","KEGG: hsa04080; PMID: 29934642"
"205","C","C","NPPC","NPR2",1.97870027747042e-08,0,"NPPC_NPR2","NPPC - NPR2","NPR2","Secreted Signaling","KEGG: hsa04080; PMID: 29934642"
"206","D","C","NPPC","NPR2",1.70164780538526e-08,0,"NPPC_NPR2","NPPC - NPR2","NPR2","Secreted Signaling","KEGG: hsa04080; PMID: 29934642"
"207","E","C","NPPC","NPR2",1.86772815024826e-08,0,"NPPC_NPR2","NPPC - NPR2","NPR2","Secreted Signaling","KEGG: hsa04080; PMID: 29934642"
"208","F","C","NPPC","NPR2",2.71765845720734e-08,0,"NPPC_NPR2","NPPC - NPR2","NPR2","Secreted Signaling","KEGG: hsa04080; PMID: 29934642"
"209","C","D","NPPC","NPR2",1.70164780538526e-08,0,"NPPC_NPR2","NPPC - NPR2","NPR2","Secreted Signaling","KEGG: hsa04080; PMID: 29934642"
"210","D","D","NPPC","NPR2",1.46338750007704e-08,0.02,"NPPC_NPR2","NPPC - NPR2","NPR2","Secreted Signaling","KEGG: hsa04080; PMID: 29934642"
"211","E","D","NPPC","NPR2",1.60621370685581e-08,0,"NPPC_NPR2","NPPC - NPR2","NPR2","Secreted Signaling","KEGG: hsa04080; PMID: 29934642"
"212","F","D","NPPC","NPR2",2.33713898306536e-08,0,"NPPC_NPR2","NPPC - NPR2","NPR2","Secreted Signaling","KEGG: hsa04080; PMID: 29934642"
"213","A","E","NPPC","NPR2",1.42809671051893e-08,0.01,"NPPC_NPR2","NPPC - NPR2","NPR2","Secreted Signaling","KEGG: hsa04080; PMID: 29934642"
"214","B","E","NPPC","NPR2",1.4961616006274e-08,0,"NPPC_NPR2","NPPC - NPR2","NPR2","Secreted Signaling","KEGG: hsa04080; PMID: 29934642"
"215","C","E","NPPC","NPR2",1.86772815024826e-08,0,"NPPC_NPR2","NPPC - NPR2","NPR2","Secreted Signaling","KEGG: hsa04080; PMID: 29934642"
"216","D","E","NPPC","NPR2",1.60621370685581e-08,0,"NPPC_NPR2","NPPC - NPR2","NPR2","Secreted Signaling","KEGG: hsa04080; PMID: 29934642"
"217","E","E","NPPC","NPR2",1.76297971083942e-08,0,"NPPC_NPR2","NPPC - NPR2","NPR2","Secreted Signaling","KEGG: hsa04080; PMID: 29934642"
"218","F","E","NPPC","NPR2",2.56524308566781e-08,0,"NPPC_NPR2","NPPC - NPR2","NPR2","Secreted Signaling","KEGG: hsa04080; PMID: 29934642"
"219","A","F","NPPC","NPR2",2.07796788322772e-08,0,"NPPC_NPR2","NPPC - NPR2","NPR2","Secreted Signaling","KEGG: hsa04080; PMID: 29934642"
"220","B","F","NPPC","NPR2",2.17700645226585e-08,0,"NPPC_NPR2","NPPC - NPR2","NPR2","Secreted Signaling","KEGG: hsa04080; PMID: 29934642"
"221","C","F","NPPC","NPR2",2.71765845720734e-08,0,"NPPC_NPR2","NPPC - NPR2","NPR2","Secreted Signaling","KEGG: hsa04080; PMID: 29934642"
"222","D","F","NPPC","NPR2",2.33713898306536e-08,0,"NPPC_NPR2","NPPC - NPR2","NPR2","Secreted Signaling","KEGG: hsa04080; PMID: 29934642"
"223","E","F","NPPC","NPR2",2.56524308566781e-08,0,"NPPC_NPR2","NPPC - NPR2","NPR2","Secreted Signaling","KEGG: hsa04080; PMID: 29934642"
"224","F","F","NPPC","NPR2",3.73258524989458e-08,0,"NPPC_NPR2","NPPC - NPR2","NPR2","Secreted Signaling","KEGG: hsa04080; PMID: 29934642"
"225","A","A","BDNF","NTRK2",0.000239729931767546,0,"BDNF_NTRK2","BDNF - NTRK2","NT","Secreted Signaling","PMID: 27908981"
"226","C","A","BDNF","NTRK2",0.00023400966883695,0.03,"BDNF_NTRK2","BDNF - NTRK2","NT","Secreted Signaling","PMID: 27908981"
"227","E","A","BDNF","NTRK2",0.000291741786545388,0,"BDNF_NTRK2","BDNF - NTRK2","NT","Secreted Signaling","PMID: 27908981"
"228","A","C","BDNF","NTRK2",0.000929093228647782,0,"BDNF_NTRK2","BDNF - NTRK2","NT","Secreted Signaling","PMID: 27908981"
"229","B","C","BDNF","NTRK2",0.000763469934535161,0,"BDNF_NTRK2","BDNF - NTRK2","NT","Secreted Signaling","PMID: 27908981"
"230","C","C","BDNF","NTRK2",0.000906938797239233,0,"BDNF_NTRK2","BDNF - NTRK2","NT","Secreted Signaling","PMID: 27908981"
"231","D","C","BDNF","NTRK2",0.00087499113028165,0,"BDNF_NTRK2","BDNF - NTRK2","NT","Secreted Signaling","PMID: 27908981"
"232","E","C","BDNF","NTRK2",0.00113050036143871,0,"BDNF_NTRK2","BDNF - NTRK2","NT","Secreted Signaling","PMID: 27908981"
"233","F","C","BDNF","NTRK2",0.000432566056782962,0,"BDNF_NTRK2","BDNF - NTRK2","NT","Secreted Signaling","PMID: 27908981"
"234","E","D","BDNF","NTRK2",0.000259123996870426,0,"BDNF_NTRK2","BDNF - NTRK2","NT","Secreted Signaling","PMID: 27908981"
"235","A","E","BDNF","NTRK2",0.00116334739069168,0,"BDNF_NTRK2","BDNF - NTRK2","NT","Secreted Signaling","PMID: 27908981"
"236","B","E","BDNF","NTRK2",0.00095600511805877,0,"BDNF_NTRK2","BDNF - NTRK2","NT","Secreted Signaling","PMID: 27908981"
"237","C","E","BDNF","NTRK2",0.00113561346676893,0,"BDNF_NTRK2","BDNF - NTRK2","NT","Secreted Signaling","PMID: 27908981"
"238","D","E","BDNF","NTRK2",0.00109561937952494,0,"BDNF_NTRK2","BDNF - NTRK2","NT","Secreted Signaling","PMID: 27908981"
"239","E","E","BDNF","NTRK2",0.00141546376700508,0,"BDNF_NTRK2","BDNF - NTRK2","NT","Secreted Signaling","PMID: 27908981"
"240","F","E","BDNF","NTRK2",0.000541697693321537,0,"BDNF_NTRK2","BDNF - NTRK2","NT","Secreted Signaling","PMID: 27908981"
"241","A","B","NTF3","NTRK1",1.85305611141386e-05,0,"NTF3_NTRK1","NTF3 - NTRK1","NT","Secreted Signaling","PMID: 27908981"
"242","E","B","NTF3","NTRK1",1.94809092632788e-05,0.03,"NTF3_NTRK1","NTF3 - NTRK1","NT","Secreted Signaling","PMID: 27908981"
"243","A","C","NTF3","NTRK1",2.20097111923907e-05,0,"NTF3_NTRK1","NTF3 - NTRK1","NT","Secreted Signaling","PMID: 27908981"
"244","B","C","NTF3","NTRK1",1.84797465880457e-05,0,"NTF3_NTRK1","NTF3 - NTRK1","NT","Secreted Signaling","PMID: 27908981"
"245","C","C","NTF3","NTRK1",1.95623303409056e-05,0,"NTF3_NTRK1","NTF3 - NTRK1","NT","Secreted Signaling","PMID: 27908981"
"246","D","C","NTF3","NTRK1",1.9841262524882e-05,0,"NTF3_NTRK1","NTF3 - NTRK1","NT","Secreted Signaling","PMID: 27908981"
"247","E","C","NTF3","NTRK1",2.31384849871705e-05,0,"NTF3_NTRK1","NTF3 - NTRK1","NT","Secreted Signaling","PMID: 27908981"
"248","A","D","NTF3","NTRK1",1.9240394642248e-05,0,"NTF3_NTRK1","NTF3 - NTRK1","NT","Secreted Signaling","PMID: 27908981"
"249","E","D","NTF3","NTRK1",2.02271461863107e-05,0.01,"NTF3_NTRK1","NTF3 - NTRK1","NT","Secreted Signaling","PMID: 27908981"
"250","A","E","NTF3","NTRK1",2.49010533056561e-05,0,"NTF3_NTRK1","NTF3 - NTRK1","NT","Secreted Signaling","PMID: 27908981"
"251","B","E","NTF3","NTRK1",2.09073787581296e-05,0,"NTF3_NTRK1","NTF3 - NTRK1","NT","Secreted Signaling","PMID: 27908981"
"252","C","E","NTF3","NTRK1",2.21321753365687e-05,0,"NTF3_NTRK1","NTF3 - NTRK1","NT","Secreted Signaling","PMID: 27908981"
"253","D","E","NTF3","NTRK1",2.24477491871302e-05,0,"NTF3_NTRK1","NTF3 - NTRK1","NT","Secreted Signaling","PMID: 27908981"
"254","E","E","NTF3","NTRK1",2.6178106455038e-05,0,"NTF3_NTRK1","NTF3 - NTRK1","NT","Secreted Signaling","PMID: 27908981"
"255","A","A","NTF3","NTRK2",0.000354844728621535,0,"NTF3_NTRK2","NTF3 - NTRK2","NT","Secreted Signaling","PMID: 27908981"
"256","E","A","NTF3","NTRK2",0.000373036665631647,0,"NTF3_NTRK2","NTF3 - NTRK2","NT","Secreted Signaling","PMID: 27908981"
"257","A","C","NTF3","NTRK2",0.00137477497893607,0,"NTF3_NTRK2","NTF3 - NTRK2","NT","Secreted Signaling","PMID: 27908981"
"258","B","C","NTF3","NTRK2",0.0011545361173537,0,"NTF3_NTRK2","NTF3 - NTRK2","NT","Secreted Signaling","PMID: 27908981"
"259","C","C","NTF3","NTRK2",0.00122209001965541,0,"NTF3_NTRK2","NTF3 - NTRK2","NT","Secreted Signaling","PMID: 27908981"
"260","D","C","NTF3","NTRK2",0.00123949410538876,0,"NTF3_NTRK2","NTF3 - NTRK2","NT","Secreted Signaling","PMID: 27908981"
"261","E","C","NTF3","NTRK2",0.0014451804089074,0,"NTF3_NTRK2","NTF3 - NTRK2","NT","Secreted Signaling","PMID: 27908981"
"262","F","C","NTF3","NTRK2",0.000890795559488902,0,"NTF3_NTRK2","NTF3 - NTRK2","NT","Secreted Signaling","PMID: 27908981"
"263","A","E","NTF3","NTRK2",0.00172120619261681,0,"NTF3_NTRK2","NTF3 - NTRK2","NT","Secreted Signaling","PMID: 27908981"
"264","B","E","NTF3","NTRK2",0.00144554940921038,0,"NTF3_NTRK2","NTF3 - NTRK2","NT","Secreted Signaling","PMID: 27908981"
"265","C","E","NTF3","NTRK2",0.0015301049175789,0,"NTF3_NTRK2","NTF3 - NTRK2","NT","Secreted Signaling","PMID: 27908981"
"266","D","E","NTF3","NTRK2",0.00155188870381549,0,"NTF3_NTRK2","NTF3 - NTRK2","NT","Secreted Signaling","PMID: 27908981"
"267","E","E","NTF3","NTRK2",0.00180932102789408,0,"NTF3_NTRK2","NTF3 - NTRK2","NT","Secreted Signaling","PMID: 27908981"
"268","F","E","NTF3","NTRK2",0.00111540443289166,0,"NTF3_NTRK2","NTF3 - NTRK2","NT","Secreted Signaling","PMID: 27908981"
"269","A","A","NTF3","NTRK3",0.00184848029304994,0,"NTF3_NTRK3","NTF3 - NTRK3","NT","Secreted Signaling","PMID: 27908981"
"270","C","A","NTF3","NTRK3",0.00164327134978523,0.03,"NTF3_NTRK3","NTF3 - NTRK3","NT","Secreted Signaling","PMID: 27908981"
"271","D","A","NTF3","NTRK3",0.00166666357371506,0.02,"NTF3_NTRK3","NTF3 - NTRK3","NT","Secreted Signaling","PMID: 27908981"
"272","E","A","NTF3","NTRK3",0.00194309807233125,0,"NTF3_NTRK3","NTF3 - NTRK3","NT","Secreted Signaling","PMID: 27908981"
"273","A","D","NTF3","NTRK3",0.00178353694110568,0,"NTF3_NTRK3","NTF3 - NTRK3","NT","Secreted Signaling","PMID: 27908981"
"274","E","D","NTF3","NTRK3",0.00187483672238638,0,"NTF3_NTRK3","NTF3 - NTRK3","NT","Secreted Signaling","PMID: 27908981"
"275","A","E","NTF3","NTRK3",0.00191190607548092,0,"NTF3_NTRK3","NTF3 - NTRK3","NT","Secreted Signaling","PMID: 27908981"
"276","C","E","NTF3","NTRK3",0.00169966791217132,0.03,"NTF3_NTRK3","NTF3 - NTRK3","NT","Secreted Signaling","PMID: 27908981"
"277","D","E","NTF3","NTRK3",0.00172386156374379,0.01,"NTF3_NTRK3","NTF3 - NTRK3","NT","Secreted Signaling","PMID: 27908981"
"278","E","E","NTF3","NTRK3",0.00200976388029081,0.01,"NTF3_NTRK3","NTF3 - NTRK3","NT","Secreted Signaling","PMID: 27908981"
"279","A","A","GAS6","AXL",4.73605333705873e-09,0,"GAS6_AXL","GAS6 - AXL","GAS","Secreted Signaling","PMID: 27801848"
"280","C","A","GAS6","AXL",5.07932919712887e-09,0,"GAS6_AXL","GAS6 - AXL","GAS","Secreted Signaling","PMID: 27801848"
"281","D","A","GAS6","AXL",4.52399781920614e-09,0.01,"GAS6_AXL","GAS6 - AXL","GAS","Secreted Signaling","PMID: 27801848"
"282","E","A","GAS6","AXL",5.52140564085815e-09,0,"GAS6_AXL","GAS6 - AXL","GAS","Secreted Signaling","PMID: 27801848"
"283","F","A","GAS6","AXL",4.69650929306557e-09,0,"GAS6_AXL","GAS6 - AXL","GAS","Secreted Signaling","PMID: 27801848"
"284","A","C","GAS6","AXL",5.07932919712887e-09,0,"GAS6_AXL","GAS6 - AXL","GAS","Secreted Signaling","PMID: 27801848"
"285","C","C","GAS6","AXL",5.44748617805609e-09,0,"GAS6_AXL","GAS6 - AXL","GAS","Secreted Signaling","PMID: 27801848"
"286","D","C","GAS6","AXL",4.85190359479039e-09,0,"GAS6_AXL","GAS6 - AXL","GAS","Secreted Signaling","PMID: 27801848"
"287","E","C","GAS6","AXL",5.92160494894752e-09,0,"GAS6_AXL","GAS6 - AXL","GAS","Secreted Signaling","PMID: 27801848"
"288","F","C","GAS6","AXL",5.03691894478079e-09,0,"GAS6_AXL","GAS6 - AXL","GAS","Secreted Signaling","PMID: 27801848"
"289","A","D","GAS6","AXL",4.52399781920614e-09,0.01,"GAS6_AXL","GAS6 - AXL","GAS","Secreted Signaling","PMID: 27801848"
"290","C","D","GAS6","AXL",4.85190359479039e-09,0,"GAS6_AXL","GAS6 - AXL","GAS","Secreted Signaling","PMID: 27801848"
"291","E","D","GAS6","AXL",5.27418618443725e-09,0,"GAS6_AXL","GAS6 - AXL","GAS","Secreted Signaling","PMID: 27801848"
"292","A","E","GAS6","AXL",5.52140564085815e-09,0,"GAS6_AXL","GAS6 - AXL","GAS","Secreted Signaling","PMID: 27801848"
"293","C","E","GAS6","AXL",5.92160494894752e-09,0,"GAS6_AXL","GAS6 - AXL","GAS","Secreted Signaling","PMID: 27801848"
"294","D","E","GAS6","AXL",5.27418618443725e-09,0,"GAS6_AXL","GAS6 - AXL","GAS","Secreted Signaling","PMID: 27801848"
"295","E","E","GAS6","AXL",6.43698836927856e-09,0,"GAS6_AXL","GAS6 - AXL","GAS","Secreted Signaling","PMID: 27801848"
"296","F","E","GAS6","AXL",5.47530423703998e-09,0,"GAS6_AXL","GAS6 - AXL","GAS","Secreted Signaling","PMID: 27801848"
"297","A","F","GAS6","AXL",4.69650929306557e-09,0,"GAS6_AXL","GAS6 - AXL","GAS","Secreted Signaling","PMID: 27801848"
"298","C","F","GAS6","AXL",5.03691894478079e-09,0,"GAS6_AXL","GAS6 - AXL","GAS","Secreted Signaling","PMID: 27801848"
"299","E","F","GAS6","AXL",5.47530423703998e-09,0,"GAS6_AXL","GAS6 - AXL","GAS","Secreted Signaling","PMID: 27801848"
"300","B","A","PSAP","GPR37",1.57232497549458e-06,0,"PSAP_GPR37","PSAP - GPR37","PSAP","Secreted Signaling","PMID: 23690594"
"301","C","A","PSAP","GPR37",1.6413445060636e-06,0,"PSAP_GPR37","PSAP - GPR37","PSAP","Secreted Signaling","PMID: 23690594"
"302","E","A","PSAP","GPR37",1.57897704642748e-06,0,"PSAP_GPR37","PSAP - GPR37","PSAP","Secreted Signaling","PMID: 23690594"
"303","F","A","PSAP","GPR37",1.92776011237805e-06,0,"PSAP_GPR37","PSAP - GPR37","PSAP","Secreted Signaling","PMID: 23690594"
"304","B","C","PSAP","GPR37",1.53935619331322e-06,0,"PSAP_GPR37","PSAP - GPR37","PSAP","Secreted Signaling","PMID: 23690594"
"305","C","C","PSAP","GPR37",1.60692851274682e-06,0,"PSAP_GPR37","PSAP - GPR37","PSAP","Secreted Signaling","PMID: 23690594"
"306","E","C","PSAP","GPR37",1.54586878268726e-06,0,"PSAP_GPR37","PSAP - GPR37","PSAP","Secreted Signaling","PMID: 23690594"
"307","F","C","PSAP","GPR37",1.88733851880351e-06,0,"PSAP_GPR37","PSAP - GPR37","PSAP","Secreted Signaling","PMID: 23690594"
"308","B","D","PSAP","GPR37",1.44218876123684e-06,0,"PSAP_GPR37","PSAP - GPR37","PSAP","Secreted Signaling","PMID: 23690594"
"309","C","D","PSAP","GPR37",1.50549577878483e-06,0,"PSAP_GPR37","PSAP - GPR37","PSAP","Secreted Signaling","PMID: 23690594"
"310","E","D","PSAP","GPR37",1.44829026273408e-06,0.03,"PSAP_GPR37","PSAP - GPR37","PSAP","Secreted Signaling","PMID: 23690594"
"311","F","D","PSAP","GPR37",1.76820574216614e-06,0,"PSAP_GPR37","PSAP - GPR37","PSAP","Secreted Signaling","PMID: 23690594"
"312","A","E","PSAP","GPR37",1.50298209672868e-06,0,"PSAP_GPR37","PSAP - GPR37","PSAP","Secreted Signaling","PMID: 23690594"
"313","B","E","PSAP","GPR37",1.912369462584e-06,0,"PSAP_GPR37","PSAP - GPR37","PSAP","Secreted Signaling","PMID: 23690594"
"314","C","E","PSAP","GPR37",1.99631571910615e-06,0,"PSAP_GPR37","PSAP - GPR37","PSAP","Secreted Signaling","PMID: 23690594"
"315","D","E","PSAP","GPR37",1.65716485461232e-06,0,"PSAP_GPR37","PSAP - GPR37","PSAP","Secreted Signaling","PMID: 23690594"
"316","E","E","PSAP","GPR37",1.92046016467752e-06,0,"PSAP_GPR37","PSAP - GPR37","PSAP","Secreted Signaling","PMID: 23690594"
"317","F","E","PSAP","GPR37",2.34467387096813e-06,0,"PSAP_GPR37","PSAP - GPR37","PSAP","Secreted Signaling","PMID: 23690594"
"318","C","F","PSAP","GPR37",1.52983771119506e-06,0,"PSAP_GPR37","PSAP - GPR37","PSAP","Secreted Signaling","PMID: 23690594"
"319","F","F","PSAP","GPR37",1.79679534950973e-06,0,"PSAP_GPR37","PSAP - GPR37","PSAP","Secreted Signaling","PMID: 23690594"
